"0","pdbs <- pdbaln(files, fit=TRUE, exefile=""msa"")"
"1","Reading PDB files:"
"1","
"
"1","pdbs/split_chain/1AKE_A.pdb"
"1","
"
"1","pdbs/split_chain/8BQF_A.pdb"
"1","
"
"1","pdbs/split_chain/4X8M_A.pdb"
"1","
"
"1","pdbs/split_chain/6S36_A.pdb"
"1","
"
"1","pdbs/split_chain/9R6U_A.pdb"
"1","
"
"1","pdbs/split_chain/9R71_A.pdb"
"1","
"
"1","pdbs/split_chain/8Q2B_A.pdb"
"1","
"
"1","pdbs/split_chain/8RJ9_A.pdb"
"1","
"
"1","pdbs/split_chain/6RZE_A.pdb"
"1","
"
"1","pdbs/split_chain/4X8H_A.pdb"
"1","
"
"1","pdbs/split_chain/3HPR_A.pdb"
"1","
"
"1","pdbs/split_chain/1E4V_A.pdb"
"1","
"
"1","pdbs/split_chain/5EJE_A.pdb"
"1","
"
"1","pdbs/split_chain/1E4Y_A.pdb"
"1","
"
"1","pdbs/split_chain/3X2S_A.pdb"
"1","
"
"1","pdbs/split_chain/6HAP_A.pdb"
"1","
"
"1","pdbs/split_chain/6HAM_A.pdb"
"1","
"
"1","pdbs/split_chain/8PVW_A.pdb"
"1","
"
"1","pdbs/split_chain/4K46_A.pdb"
"1","
"
"1","pdbs/split_chain/4NP6_A.pdb"
"1","
"
"1","   PDB has ALT records, taking A only, rm.alt=TRUE
"
"1","."
"1","   PDB has ALT records, taking A only, rm.alt=TRUE
"
"1","."
"1","."
"1","   PDB has ALT records, taking A only, rm.alt=TRUE
"
"1","."
"1","   PDB has ALT records, taking A only, rm.alt=TRUE
"
"1","."
"1","   PDB has ALT records, taking A only, rm.alt=TRUE
"
"1","."
"1","   PDB has ALT records, taking A only, rm.alt=TRUE
"
"1","."
"1","   PDB has ALT records, taking A only, rm.alt=TRUE
"
"1","."
"1","   PDB has ALT records, taking A only, rm.alt=TRUE
"
"1","."
"1","."
"1","   PDB has ALT records, taking A only, rm.alt=TRUE
"
"1","."
"1","."
"1","   PDB has ALT records, taking A only, rm.alt=TRUE
"
"1","."
"1","."
"1","."
"1","."
"1","   PDB has ALT records, taking A only, rm.alt=TRUE
"
"1","."
"1","   PDB has ALT records, taking A only, rm.alt=TRUE
"
"1","."
"1","   PDB has ALT records, taking A only, rm.alt=TRUE
"
"1","."
"1","."
"1","

Extracting sequences
"
"1","
"
"1","pdb/seq: 1   name: pdbs/split_chain/1AKE_A.pdb"
"1"," "
"1","
"
"1","   PDB has ALT records, taking A only, rm.alt=TRUE
"
"1","pdb/seq: 2   name: pdbs/split_chain/8BQF_A.pdb"
"1"," "
"1","
"
"1","   PDB has ALT records, taking A only, rm.alt=TRUE
"
"1","pdb/seq: 3   name: pdbs/split_chain/4X8M_A.pdb"
"1"," "
"1","
"
"1","pdb/seq: 4   name: pdbs/split_chain/6S36_A.pdb"
"1"," "
"1","
"
"1","   PDB has ALT records, taking A only, rm.alt=TRUE
"
"1","pdb/seq: 5   name: pdbs/split_chain/9R6U_A.pdb"
"1"," "
"1","
"
"1","   PDB has ALT records, taking A only, rm.alt=TRUE
"
"1","pdb/seq: 6   name: pdbs/split_chain/9R71_A.pdb"
"1"," "
"1","
"
"1","   PDB has ALT records, taking A only, rm.alt=TRUE
"
"1","pdb/seq: 7   name: pdbs/split_chain/8Q2B_A.pdb"
"1"," "
"1","
"
"1","   PDB has ALT records, taking A only, rm.alt=TRUE
"
"1","pdb/seq: 8   name: pdbs/split_chain/8RJ9_A.pdb"
"1"," "
"1","
"
"1","   PDB has ALT records, taking A only, rm.alt=TRUE
"
"1","pdb/seq: 9   name: pdbs/split_chain/6RZE_A.pdb"
"1"," "
"1","
"
"1","   PDB has ALT records, taking A only, rm.alt=TRUE
"
"1","pdb/seq: 10   name: pdbs/split_chain/4X8H_A.pdb"
"1"," "
"1","
"
"1","pdb/seq: 11   name: pdbs/split_chain/3HPR_A.pdb"
"1"," "
"1","
"
"1","   PDB has ALT records, taking A only, rm.alt=TRUE
"
"1","pdb/seq: 12   name: pdbs/split_chain/1E4V_A.pdb"
"1"," "
"1","
"
"1","pdb/seq: 13   name: pdbs/split_chain/5EJE_A.pdb"
"1"," "
"1","
"
"1","   PDB has ALT records, taking A only, rm.alt=TRUE
"
"1","pdb/seq: 14   name: pdbs/split_chain/1E4Y_A.pdb"
"1"," "
"1","
"
"1","pdb/seq: 15   name: pdbs/split_chain/3X2S_A.pdb"
"1"," "
"1","
"
"1","pdb/seq: 16   name: pdbs/split_chain/6HAP_A.pdb"
"1"," "
"1","
"
"1","pdb/seq: 17   name: pdbs/split_chain/6HAM_A.pdb"
"1"," "
"1","
"
"1","   PDB has ALT records, taking A only, rm.alt=TRUE
"
"1","pdb/seq: 18   name: pdbs/split_chain/8PVW_A.pdb"
"1"," "
"1","
"
"1","   PDB has ALT records, taking A only, rm.alt=TRUE
"
"1","pdb/seq: 19   name: pdbs/split_chain/4K46_A.pdb"
"1"," "
"1","
"
"1","   PDB has ALT records, taking A only, rm.alt=TRUE
"
"1","pdb/seq: 20   name: pdbs/split_chain/4NP6_A.pdb"
"1"," "
"1","
"
"0","pdbs"
"1","                                1        .         .         .         40"
"1"," "
"1","
"
"1","[Truncated_Name:1]1AKE_A.pdb    --MRIILLGAPGAGKGTQAQFIMEKYGIPQISTGDMLRAA"
"1","
"
"1","[Truncated_Name:2]8BQF_A.pdb    --MRIILLGAPGAGKGTQAQFIMEKYGIPQISTGDMLRAA"
"1","
"
"1","[Truncated_Name:3]4X8M_A.pdb    --MRIILLGAPGAGKGTQAQFIMEKYGIPQISTGDMLRAA"
"1","
"
"1","[Truncated_Name:4]6S36_A.pdb    --MRIILLGAPGAGKGTQAQFIMEKYGIPQISTGDMLRAA"
"1","
"
"1","[Truncated_Name:5]9R6U_A.pdb    --MRIILLGAPGAGKGTQAQFIMEKYGIPQISTGDMLRAA"
"1","
"
"1","[Truncated_Name:6]9R71_A.pdb    --MRIILLGAPGAGKGTQAQFIMEKYGIPQISTGDMLRAA"
"1","
"
"1","[Truncated_Name:7]8Q2B_A.pdb    --MRIILLGAPGAGKGTQAQFIMEKYGIPQISTGDMLRAA"
"1","
"
"1","[Truncated_Name:8]8RJ9_A.pdb    --MRIILLGAPGAGKGTQAQFIMEKYGIPQISTGDMLRAA"
"1","
"
"1","[Truncated_Name:9]6RZE_A.pdb    --MRIILLGAPGAGKGTQAQFIMEKYGIPQISTGDMLRAA"
"1","
"
"1","[Truncated_Name:10]4X8H_A.pdb   --MRIILLGAPGAGKGTQAQFIMEKYGIPQISTGDMLRAA"
"1","
"
"1","[Truncated_Name:11]3HPR_A.pdb   --MRIILLGAPGAGKGTQAQFIMEKYGIPQISTGDMLRAA"
"1","
"
"1","[Truncated_Name:12]1E4V_A.pdb   --MRIILLGAPVAGKGTQAQFIMEKYGIPQISTGDMLRAA"
"1","
"
"1","[Truncated_Name:13]5EJE_A.pdb   --MRIILLGAPGAGKGTQAQFIMEKYGIPQISTGDMLRAA"
"1","
"
"1","[Truncated_Name:14]1E4Y_A.pdb   --MRIILLGALVAGKGTQAQFIMEKYGIPQISTGDMLRAA"
"1","
"
"1","[Truncated_Name:15]3X2S_A.pdb   --MRIILLGAPGAGKGTQAQFIMEKYGIPQISTGDMLRAA"
"1","
"
"1","[Truncated_Name:16]6HAP_A.pdb   --MRIILLGAPGAGKGTQAQFIMEKYGIPQISTGDMLRAA"
"1","
"
"1","[Truncated_Name:17]6HAM_A.pdb   --MRIILLGAPGAGKGTQAQFIMEKYGIPQISTGDMLRAA"
"1","
"
"1","[Truncated_Name:18]8PVW_A.pdb   --MRIILLGAPGAGKGTQAQFIMEKYGIPQISTGDMLRAA"
"1","
"
"1","[Truncated_Name:19]4K46_A.pdb   --MRIILLGAPGAGKGTQAQFIMAKFGIPQISTGDMLRAA"
"1","
"
"1","[Truncated_Name:20]4NP6_A.pdb   NAMRIILLGAPGAGKGTQAQFIMEKFGIPQISTGDMLRAA"
"1","
"
"1","                                  ********  *********** *^**************"
"1"," "
"1","
"
"1","                                1        .         .         .         40"
"1"," "
"1","

"
"1","                               41        .         .         .         80"
"1"," "
"1","
"
"1","[Truncated_Name:1]1AKE_A.pdb    VKSGSELGKQAKDIMDAGKLVTDELVIALVKERIAQEDCR"
"1","
"
"1","[Truncated_Name:2]8BQF_A.pdb    VKSGSELGKQAKDIMDAGKLVTDELVIALVKERIAQE---"
"1","
"
"1","[Truncated_Name:3]4X8M_A.pdb    VKSGSELGKQAKDIMDAGKLVTDELVIALVKERIAQEDCR"
"1","
"
"1","[Truncated_Name:4]6S36_A.pdb    VKSGSELGKQAKDIMDAGKLVTDELVIALVKERIAQEDCR"
"1","
"
"1","[Truncated_Name:5]9R6U_A.pdb    VKSGSELGAQAKDIMDAGKLVTDELVIALVKERIAQEDCR"
"1","
"
"1","[Truncated_Name:6]9R71_A.pdb    VKSGSELGKQAKDIMDAGKLVTDELVIALVKERIAQEDCR"
"1","
"
"1","[Truncated_Name:7]8Q2B_A.pdb    VKSGSELGKQAKDIMDAGKLVTDELVIALVKERIAQEDCR"
"1","
"
"1","[Truncated_Name:8]8RJ9_A.pdb    VKSGSELGKQAKDIMDAGKLVTDELVIALVKERIAQEDCR"
"1","
"
"1","[Truncated_Name:9]6RZE_A.pdb    VKSGSELGKQAKDIMDAGKLVTDELVIALVKERIAQEDCR"
"1","
"
"1","[Truncated_Name:10]4X8H_A.pdb   VKSGSELGKQAKDIMDAGKLVTDELVIALVKERIAQEDCR"
"1","
"
"1","[Truncated_Name:11]3HPR_A.pdb   VKSGSELGKQAKDIMDAGKLVTDELVIALVKERIAQEDCR"
"1","
"
"1","[Truncated_Name:12]1E4V_A.pdb   VKSGSELGKQAKDIMDAGKLVTDELVIALVKERIAQEDCR"
"1","
"
"1","[Truncated_Name:13]5EJE_A.pdb   VKSGSELGKQAKDIMDACKLVTDELVIALVKERIAQEDCR"
"1","
"
"1","[Truncated_Name:14]1E4Y_A.pdb   VKSGSELGKQAKDIMDAGKLVTDELVIALVKERIAQEDCR"
"1","
"
"1","[Truncated_Name:15]3X2S_A.pdb   VKSGSELGKQAKDIMDCGKLVTDELVIALVKERIAQEDSR"
"1","
"
"1","[Truncated_Name:16]6HAP_A.pdb   VKSGSELGKQAKDIMDAGKLVTDELVIALVRERICQEDSR"
"1","
"
"1","[Truncated_Name:17]6HAM_A.pdb   IKSGSELGKQAKDIMDAGKLVTDEIIIALVKERICQEDSR"
"1","
"
"1","[Truncated_Name:18]8PVW_A.pdb   VKSGSELGKQAKDIMDAGKLVTDELVIALVKERIAQEDCR"
"1","
"
"1","[Truncated_Name:19]4K46_A.pdb   IKAGTELGKQAKSVIDAGQLVSDDIILGLVKERIAQDDCA"
"1","
"
"1","[Truncated_Name:20]4NP6_A.pdb   IKAGTELGKQAKAVIDAGQLVSDDIILGLIKERIAQADCE"
"1","
"
"1","                                ^* *^*** *** ^^*   **^*^^^^^*^^*** *    "
"1"," "
"1","
"
"1","                               41        .         .         .         80"
"1"," "
"1","

"
"1","                               81        .         .         .         120"
"1"," "
"1","
"
"1","[Truncated_Name:1]1AKE_A.pdb    NGFLLDGFPRTIPQADAMKEAGINVDYVLEFDVPDELIVD"
"1","
"
"1","[Truncated_Name:2]8BQF_A.pdb    -GFLLDGFPRTIPQADAMKEAGINVDYVIEFDVPDELIVD"
"1","
"
"1","[Truncated_Name:3]4X8M_A.pdb    NGFLLDGFPRTIPQADAMKEAGINVDYVLEFDVPDELIVD"
"1","
"
"1","[Truncated_Name:4]6S36_A.pdb    NGFLLDGFPRTIPQADAMKEAGINVDYVLEFDVPDELIVD"
"1","
"
"1","[Truncated_Name:5]9R6U_A.pdb    NGFLLDGFPRTIPQADAMKEAGINVDYVLEFDVPDELIVD"
"1","
"
"1","[Truncated_Name:6]9R71_A.pdb    NGFLLDGFPRTIPQADAMKEAGINVDYVLEFDVPDALIVD"
"1","
"
"1","[Truncated_Name:7]8Q2B_A.pdb    NGFLLDGFPRTIPQADAMKEAGINVDYVLEFDVPDELIVD"
"1","
"
"1","[Truncated_Name:8]8RJ9_A.pdb    NGFLLAGFPRTIPQADAMKEAGINVDYVLEFDVPDELIVD"
"1","
"
"1","[Truncated_Name:9]6RZE_A.pdb    NGFLLDGFPRTIPQADAMKEAGINVDYVLEFDVPDELIVD"
"1","
"
"1","[Truncated_Name:10]4X8H_A.pdb   NGFLLDGFPRTIPQADAMKEAGINVDYVLEFDVPDELIVD"
"1","
"
"1","[Truncated_Name:11]3HPR_A.pdb   NGFLLDGFPRTIPQADAMKEAGINVDYVLEFDVPDELIVD"
"1","
"
"1","[Truncated_Name:12]1E4V_A.pdb   NGFLLDGFPRTIPQADAMKEAGINVDYVLEFDVPDELIVD"
"1","
"
"1","[Truncated_Name:13]5EJE_A.pdb   NGFLLDGFPRTIPQADAMKEAGINVDYVLEFDVPDELIVD"
"1","
"
"1","[Truncated_Name:14]1E4Y_A.pdb   NGFLLDGFPRTIPQADAMKEAGINVDYVLEFDVPDELIVD"
"1","
"
"1","[Truncated_Name:15]3X2S_A.pdb   NGFLLDGFPRTIPQADAMKEAGINVDYVLEFDVPDELIVD"
"1","
"
"1","[Truncated_Name:16]6HAP_A.pdb   NGFLLDGFPRTIPQADAMKEAGINVDYVLEFDVPDELIVD"
"1","
"
"1","[Truncated_Name:17]6HAM_A.pdb   NGFLLDGFPRTIPQADAMKEAGINVDYVLEFDVPDELIVD"
"1","
"
"1","[Truncated_Name:18]8PVW_A.pdb   NGFLLDGFPRTIPQADAMKEAGINVDYVLEFDVPDELIVD"
"1","
"
"1","[Truncated_Name:19]4K46_A.pdb   KGFLLDGFPRTIPQADGLKEVGVVVDYVIEFDVADSVIVE"
"1","
"
"1","[Truncated_Name:20]4NP6_A.pdb   KGFLLDGFPRTIPQADGLKEMGINVDYVIEFDVADDVIVE"
"1","
"
"1","                                 **** **********^^** *^ ****^**** * ^**^"
"1"," "
"1","
"
"1","                               81        .         .         .         120"
"1"," "
"1","

"
"1","                              121        .         .         .         160"
"1"," "
"1","
"
"1","[Truncated_Name:1]1AKE_A.pdb    RIVGRRVHAPSGRVYHVKFNPPKVEGKDDVTGEELTTRKD"
"1","
"
"1","[Truncated_Name:2]8BQF_A.pdb    RIVGRRVHAPSGRVYHVKFNPPKVEGKDDVTGEELTTRKD"
"1","
"
"1","[Truncated_Name:3]4X8M_A.pdb    RIVGRRVHAPSGRVYHVKFNPPKVEGKDDVTGEELTTRKD"
"1","
"
"1","[Truncated_Name:4]6S36_A.pdb    KIVGRRVHAPSGRVYHVKFNPPKVEGKDDVTGEELTTRKD"
"1","
"
"1","[Truncated_Name:5]9R6U_A.pdb    RIVGRRVHAPSGRVYHVKFNPPKVEGKDDVTGEELTTRKD"
"1","
"
"1","[Truncated_Name:6]9R71_A.pdb    RIVGRRVHAPSGRVYHVKFNPPKVEGKDDVTGEELTTRKD"
"1","
"
"1","[Truncated_Name:7]8Q2B_A.pdb    RIVGRRVHAPSGRVYHVKFNPPKVEGKDDVTGEELTTRKA"
"1","
"
"1","[Truncated_Name:8]8RJ9_A.pdb    RIVGRRVHAPSGRVYHVKFNPPKVEGKDDVTGEELTTRKD"
"1","
"
"1","[Truncated_Name:9]6RZE_A.pdb    AIVGRRVHAPSGRVYHVKFNPPKVEGKDDVTGEELTTRKD"
"1","
"
"1","[Truncated_Name:10]4X8H_A.pdb   RIVGRRVHAPSGRVYHVKFNPPKVEGKDDVTGEELTTRKD"
"1","
"
"1","[Truncated_Name:11]3HPR_A.pdb   RIVGRRVHAPSGRVYHVKFNPPKVEGKDDGTGEELTTRKD"
"1","
"
"1","[Truncated_Name:12]1E4V_A.pdb   RIVGRRVHAPSGRVYHVKFNPPKVEGKDDVTGEELTTRKD"
"1","
"
"1","[Truncated_Name:13]5EJE_A.pdb   RIVGRRVHAPSGRVYHVKFNPPKVEGKDDVTGEELTTRKD"
"1","
"
"1","[Truncated_Name:14]1E4Y_A.pdb   RIVGRRVHAPSGRVYHVKFNPPKVEGKDDVTGEELTTRKD"
"1","
"
"1","[Truncated_Name:15]3X2S_A.pdb   RIVGRRVHAPSGRVYHVKFNPPKVEGKDDVTGEELTTRKD"
"1","
"
"1","[Truncated_Name:16]6HAP_A.pdb   RIVGRRVHAPSGRVYHVKFNPPKVEGKDDVTGEELTTRKD"
"1","
"
"1","[Truncated_Name:17]6HAM_A.pdb   RIVGRRVHAPSGRVYHVKFNPPKVEGKDDVTGEELTTRKD"
"1","
"
"1","[Truncated_Name:18]8PVW_A.pdb   RILKR--GETSGRV-------------------------D"
"1","
"
"1","[Truncated_Name:19]4K46_A.pdb   RMAGRRAHLASGRTYHNVYNPPKVEGKDDVTGEDLVIRED"
"1","
"
"1","[Truncated_Name:20]4NP6_A.pdb   RMAGRRAHLPSGRTYHVVYNPPKVEGKDDVTGEDLVIRED"
"1","
"
"1","                                 ^  *     ***                           "
"1"," "
"1","
"
"1","                              121        .         .         .         160"
"1"," "
"1","

"
"1","                              161        .         .         .         200"
"1"," "
"1","
"
"1","[Truncated_Name:1]1AKE_A.pdb    DQEETVRKRLVEYHQMTAPLIGYYSKEAEAGNTKYAKVDG"
"1","
"
"1","[Truncated_Name:2]8BQF_A.pdb    DQEETVRKRLVEYHQMTAPLIGYYSKEAEAGNTKYAKVDG"
"1","
"
"1","[Truncated_Name:3]4X8M_A.pdb    DQEETVRKRLVEWHQMTAPLIGYYSKEAEAGNTKYAKVDG"
"1","
"
"1","[Truncated_Name:4]6S36_A.pdb    DQEETVRKRLVEYHQMTAPLIGYYSKEAEAGNTKYAKVDG"
"1","
"
"1","[Truncated_Name:5]9R6U_A.pdb    DQEETVRKRLVEYHQMTAPLIGYYSKEAEAGNTKYAKVDG"
"1","
"
"1","[Truncated_Name:6]9R71_A.pdb    DQEETVRKRLVEYHQMTAPLIGYYSKEAEAGNTKYAKVDG"
"1","
"
"1","[Truncated_Name:7]8Q2B_A.pdb    DQEETVRKRLVEYHQMTAPLIGYYSKEAEAGNTKYAKVDG"
"1","
"
"1","[Truncated_Name:8]8RJ9_A.pdb    DQEETVRKRLVEYHQMTAPLIGYYSKEAEAGNTKYAKVDG"
"1","
"
"1","[Truncated_Name:9]6RZE_A.pdb    DQEETVRKRLVEYHQMTAPLIGYYSKEAEAGNTKYAKVDG"
"1","
"
"1","[Truncated_Name:10]4X8H_A.pdb   DQEETVRKRLVEYHQMTAALIGYYSKEAEAGNTKYAKVDG"
"1","
"
"1","[Truncated_Name:11]3HPR_A.pdb   DQEETVRKRLVEYHQMTAPLIGYYSKEAEAGNTKYAKVDG"
"1","
"
"1","[Truncated_Name:12]1E4V_A.pdb   DQEETVRKRLVEYHQMTAPLIGYYSKEAEAGNTKYAKVDG"
"1","
"
"1","[Truncated_Name:13]5EJE_A.pdb   DQEECVRKRLVEYHQMTAPLIGYYSKEAEAGNTKYAKVDG"
"1","
"
"1","[Truncated_Name:14]1E4Y_A.pdb   DQEETVRKRLVEYHQMTAPLIGYYSKEAEAGNTKYAKVDG"
"1","
"
"1","[Truncated_Name:15]3X2S_A.pdb   DQEETVRKRLCEYHQMTAPLIGYYSKEAEAGNTKYAKVDG"
"1","
"
"1","[Truncated_Name:16]6HAP_A.pdb   DQEETVRKRLVEYHQMTAPLIGYYSKEAEAGNTKYAKVDG"
"1","
"
"1","[Truncated_Name:17]6HAM_A.pdb   DQEETVRKRLVEYHQMTAPLIGYYSKEAEAGNTKYAKVDG"
"1","
"
"1","[Truncated_Name:18]8PVW_A.pdb   DNEETVRKRLVEYHQMTAPLIGYYSKEAEAGNTKYAKVDG"
"1","
"
"1","[Truncated_Name:19]4K46_A.pdb   DKEETVLARLGVYHNQTAPLIAYYGKEAEAGNTQYLKFDG"
"1","
"
"1","[Truncated_Name:20]4NP6_A.pdb   DKEETVRARLNVYHTQTAPLIEYYGKEAAAGKTQYLKFDG"
"1","
"
"1","                                * ** *  **  ^*  ** ** ** *** ** * * * **"
"1"," "
"1","
"
"1","                              161        .         .         .         200"
"1"," "
"1","

"
"1","                              201        .     216"
"1"," "
"1","
"
"1","[Truncated_Name:1]1AKE_A.pdb    TKPVAEVRADLEKILG"
"1","
"
"1","[Truncated_Name:2]8BQF_A.pdb    TKPVAEVRADLEKIL-"
"1","
"
"1","[Truncated_Name:3]4X8M_A.pdb    TKPVAEVRADLEKILG"
"1","
"
"1","[Truncated_Name:4]6S36_A.pdb    TKPVAEVRADLEKILG"
"1","
"
"1","[Truncated_Name:5]9R6U_A.pdb    TKPVAEVRADLEKILG"
"1","
"
"1","[Truncated_Name:6]9R71_A.pdb    TKPVAEVRADLEKILG"
"1","
"
"1","[Truncated_Name:7]8Q2B_A.pdb    TKPVAEVRADLEKILG"
"1","
"
"1","[Truncated_Name:8]8RJ9_A.pdb    TKPVAEVRADLEKILG"
"1","
"
"1","[Truncated_Name:9]6RZE_A.pdb    TKPVAEVRADLEKILG"
"1","
"
"1","[Truncated_Name:10]4X8H_A.pdb   TKPVAEVRADLEKILG"
"1","
"
"1","[Truncated_Name:11]3HPR_A.pdb   TKPVAEVRADLEKILG"
"1","
"
"1","[Truncated_Name:12]1E4V_A.pdb   TKPVAEVRADLEKILG"
"1","
"
"1","[Truncated_Name:13]5EJE_A.pdb   TKPVAEVRADLEKILG"
"1","
"
"1","[Truncated_Name:14]1E4Y_A.pdb   TKPVAEVRADLEKILG"
"1","
"
"1","[Truncated_Name:15]3X2S_A.pdb   TKPVAEVRADLEKILG"
"1","
"
"1","[Truncated_Name:16]6HAP_A.pdb   TKPVCEVRADLEKILG"
"1","
"
"1","[Truncated_Name:17]6HAM_A.pdb   TKPVCEVRADLEKILG"
"1","
"
"1","[Truncated_Name:18]8PVW_A.pdb   TKPVAEVRADLEKILG"
"1","
"
"1","[Truncated_Name:19]4K46_A.pdb   TKAVAEVSAELEKALA"
"1","
"
"1","[Truncated_Name:20]4NP6_A.pdb   TKQVSEVSADIAKALA"
"1","
"
"1","                                ** * ** *^^ * * "
"1"," "
"1","
"
"1","                              201        .     216"
"1"," "
"1","

"
"1","Call:
  "
"1",""
"1","pdbaln(files = files, fit = TRUE, exefile = ""msa"")"
"1",""
"1","

"
"1","Class:
  "
"1",""
"1","pdbs, fasta"
"1",""
"1","

"
"1","Alignment dimensions:
  "
"1",""
"1","20"
"1",""
"1"," sequence rows; "
"1",""
"1","216"
"1",""
"1"," position columns"
"1",""
"1"," ("
"1",""
"1","182"
"1",""
"1"," non-gap, "
"1",""
"1","34"
"1",""
"1"," gap) "
"1",""
"1","
"
"1","
"
"1","+ attr: xyz, resno, b, chain, id, ali, resid, sse, call"
"1","
"
